quality,k6kND7f,origami-angel-bg-transparent-img-1-2,origami-angel-padoru-1_waifu2x_noise1_scale4x-(1k1),origami-img-5,origami-school-uniform-bg-transparent-img-1_waifu2x_noise1_scale4x,origami_dem_sephiroth_main_1,origami_fon_pc_10,origami_fon_pc_13,origami_illustration_1(png),zacat-city-more
0q,51886,63732,75262,21976,52082,43888,19716,22940,23402,30096
1q,63198,67972,83298,26722,54736,48686,30140,31622,28540,37588
2q,68042,69684,88652,28656,59206,49582,33772,34916,30458,40932
3q,71082,70952,91792,30348,58824,51676,36428,37154,31896,43598
4q,74610,72364,95198,31680,61844,53026,38694,39320,33340,45980
5q,76698,73252,96888,32952,62430,54008,40414,41382,34606,47962
6q,79458,74200,99308,34450,61936,54994,42234,43138,35780,49870
7q,81866,75046,101064,35076,62448,56104,43940,44772,36854,51860
8q,84088,75942,103436,35978,63190,56170,45276,46338,37704,53306
9q,85832,76704,105822,37174,64484,57318,47124,48210,38870,55294
10q,87902,77488,107790,38112,66580,58554,48768,49818,40130,56558
11q,89374,78096,109452,38762,67732,58640,50450,51312,40524,58166
12q,91320,78682,110512,39466,65692,59808,51750,52726,41636,60282
13q,93276,79576,111858,40478,67442,60254,53110,54084,42110,61398
14q,95452,80224,112728,41478,67302,60564,53912,55382,42970,62906
15q,97528,80958,115476,42482,67262,61398,55906,57734,43774,64818
16q,99688,81380,116888,43452,67248,62474,57438,59008,44528,66418
17q,101210,82182,118248,44454,68524,63304,58550,60046,45898,67702
18q,103090,83024,120018,44972,68794,63812,59974,61308,46736,69732
19q,104834,83572,120636,45978,67314,64428,61210,63082,47482,71040
20q,106822,84238,122636,47024,69298,65008,63102,64396,48394,72698
21q,108618,84840,122060,47816,68224,65672,64126,65630,49066,74214
22q,110580,85426,123454,48992,65194,66462,65616,66894,49858,75630
23q,112380,86248,124598,50142,66260,66806,66516,68144,51204,77502
24q,114250,86662,127864,50878,66358,67746,68024,69358,52122,79444
25q,115660,87482,127274,52090,66482,68180,69476,70578,52890,80508
26q,117156,88124,128372,52750,69906,69104,70756,71762,53774,82492
27q,118692,88606,130878,53534,67196,69736,71772,73884,54650,83800
28q,120588,89354,131798,54554,67692,70198,72792,74708,55018,84870
29q,122266,90056,132978,55330,68234,71022,74148,76458,55936,85472
30q,124842,90480,134388,56242,68834,71406,75648,77748,56806,87458
31q,125362,91096,135966,57284,69258,72242,76920,78304,58742,88666
32q,127412,91678,137866,58024,69992,72764,77550,80828,59182,91080
33q,128792,92420,139846,59344,70386,73842,79060,81930,60462,92210
34q,130548,93196,141548,59828,71038,73928,80244,83432,61732,93612
35q,132880,93774,143184,61224,71622,75390,81256,85190,62914,95472
36q,135634,94022,145070,61836,72292,75668,82700,86626,63912,95768
37q,136434,94674,146672,63124,72872,76068,84488,87800,65372,98356
38q,138190,95082,148064,63368,73194,76656,84488,88172,66668,100620
39q,141174,95878,149672,64692,73578,77404,86462,89770,68060,102218
40q,142924,96298,151982,65422,74342,78258,88618,91724,69506,103220
41q,145860,96882,153780,66814,75268,79084,89774,92168,69698,104794
42q,146700,98060,157214,67440,75934,79182,90614,94138,70670,106374
43q,147910,98422,158460,68674,76516,80354,91452,94694,72010,108062
44q,150884,99208,160070,70126,77030,80890,93538,96652,72892,109594
45q,151538,99434,161646,70314,77858,81482,94084,98220,73704,110878
46q,154694,100148,164152,71330,78504,82580,95240,100052,74524,112664
47q,155684,100952,166868,72870,79178,82766,97208,101922,75492,114218
48q,159098,101890,169434,74250,80412,84198,98342,102458,75978,115750
49q,160406,101998,170776,74664,80872,84784,99238,104818,77546,117512
50q,162410,102710,172108,75534,81240,84952,99860,105512,78260,120000
51q,163918,103194,175358,76590,82296,85864,102298,106356,78958,120216
52q,166788,104076,177650,77858,83410,86778,103492,107556,79774,122830
53q,168820,104754,179356,78462,84074,87230,105120,109562,81030,123626
54q,171394,104912,179578,79442,84446,87786,106174,109808,81254,126162
55q,171602,105978,182808,80874,85204,88746,107076,110470,82296,127390
56q,174128,106372,184348,81414,86036,89442,108308,112946,82952,129750
57q,175264,106838,186366,82704,86706,90106,110660,114730,83756,130684
58q,178864,107818,187632,82956,87000,90106,110660,115852,84732,132640
59q,179318,108200,189752,84266,88018,90872,112000,117208,85028,133122
60q,180930,108580,191202,85106,88110,91714,112894,118524,86302,135840
61q,183280,108926,193402,86124,88672,91900,113872,119956,87342,137808
62q,184902,109980,194950,86380,89464,92976,116724,121716,88714,138878
63q,187570,110262,197508,87460,90168,92944,117136,123172,90160,140918
64q,190190,110968,199214,88966,91058,93530,118380,125112,90442,143388
65q,190190,111434,200042,88966,91660,94392,118634,126590,92468,143646
66q,194690,112004,202636,90538,92062,95168,121602,127626,93562,147274
67q,196330,112456,205476,91384,92714,95812,122076,128676,94534,148312
68q,197250,113424,205476,92092,93308,96972,123854,130482,95602,148946
69q,199496,113782,208616,93234,94036,97572,126714,131028,97846,151804
70q,202906,114208,210448,93566,94700,97284,126918,134730,98588,154462
71q,205262,114304,210448,94084,95062,97756,127946,135650,99914,156580
72q,205966,115508,215204,96628,96444,98618,128690,137290,103172,157380
73q,209100,116258,215994,96988,96674,99216,131710,137894,103396,161690
74q,210974,116942,219230,97678,97526,100112,133110,139474,109354,161690
75q,213144,117222,221092,98908,98340,100550,134484,142322,109494,163544
76q,220402,119578,228224,101448,100510,102790,136882,148278,117086,171488
77q,227778,121234,234442,104888,102834,105022,143138,151278,123132,178326
78q,239024,123618,242058,108630,105854,107690,147304,159294,129842,184972
79q,246070,126178,252716,111602,108430,110024,154004,165886,137224,193754
80q,254196,127678,260022,114556,111652,111534,158424,172498,141184,201328
81q,266324,130200,268596,119024,114976,115650,164638,177954,147664,210542
82q,276110,133358,280974,121988,118490,117222,168618,189042,151556,220318
83q,282524,136376,290764,127288,122438,120494,176166,194718,157002,227694
84q,300726,138874,300858,131032,127076,123092,181382,202266,162936,242166
85q,308098,141562,312698,136000,130488,126486,189894,211030,169054,254458
86q,319346,144480,327256,139816,136214,130146,193250,226440,175094,265440
87q,342162,147946,340664,145076,141368,133060,205178,237250,179088,284626
88q,364082,153378,363784,149540,147982,136310,212386,251210,182278,309090
89q,380538,158084,376864,157444,156352,141054,223348,265166,186830,325494
90q,410354,163184,394994,164488,161540,147778,231764,277228,193954,353280
91q,437048,168202,424482,173498,173126,152750,243182,293914,206676,368382
92q,463980,174500,458444,180324,188360,161732,258352,318682,215852,402304
93q,523822,181688,512130,189894,212424,169842,267384,338552,225890,458760
94q,562672,191266,542684,202504,220284,181548,279890,373060,233118,494348
95q,623314,199510,592352,210390,238110,193060,304034,406806,240340,546840
96q,669902,208836,646254,227740,268734,207880,318164,442860,261392,579232
97q,700658,219544,693028,240912,283750,216828,330228,464882,282784,610690
98q,767878,226730,750506,257922,313576,228716,353778,512932,295398,666402
99q,825550,234094,795836,273058,342200,238502,377768,537126,313208,714352
100q,842528,238198,814430,283430,351308,242860,391864,543896,320522,728592